{"1_1_0": [0.0011920264356055834, -0.0001224361646190213, 2.2888038908347317e-05, 0.027492926477743998, 0.0018695605400901871], "0_0_0": [0.004741605014177479, 0.00696101793474894, 0.00437859792036922, 0.019640564218432435, 0.007143679996281039], "0_1_0": [0.0021352505881534808, 0.002436932948264124, 0.004281311628951196, 0.004263995650218083, 0.000556507974587419], "1_1_1": [0.1158892835443486, 0.1445121850025485, 0.057342020802318316, 0.10514230071009309, 0.10738722771982095], "0_0_1": [0.17296170809505898, 0.11571656479452574, 0.17903577211253308, 0.7583314253874145, 0.1074986982993004], "1_0_0": [0.0, 0.0, -0.0019473053892215732, 0.0, 0.0]}